index,Batch_Loss
0,132.7646026611328
1,90.2684555053711
2,71.78964233398438
3,65.46077728271484
4,87.93817901611328
5,80.99087524414062
6,59.88364791870117
7,52.345428466796875
8,57.2707405090332
9,47.052040100097656
10,87.31597900390625
11,60.89575958251953
12,47.05677795410156
13,51.70140075683594
14,34.97666931152344
15,65.90299987792969
16,39.09881591796875
17,54.34451675415039
18,36.246124267578125
19,43.090110778808594
20,34.360328674316406
21,49.74696731567383
22,50.47270202636719
23,63.087860107421875
24,35.398231506347656
25,42.51061248779297
26,36.46860885620117
27,69.9384765625
28,36.524436950683594
29,46.41496276855469
30,39.79121780395508
31,38.266944885253906
32,26.34322166442871
33,35.138771057128906
34,37.534278869628906
35,32.99883270263672
36,38.53473663330078
37,35.44254684448242
38,44.80943298339844
39,46.02140426635742
40,32.0090217590332
41,50.039398193359375
42,33.610923767089844
43,32.15997314453125
44,55.380592346191406
45,36.00956726074219
46,30.46939468383789
47,41.016380310058594
48,36.61407470703125
49,34.116668701171875
50,53.962223052978516
51,40.128482818603516
52,65.82148742675781
53,34.77796936035156
54,41.28957748413086
55,41.37226867675781
56,44.92518615722656
57,34.894676208496094
58,44.8893928527832
59,43.375797271728516
60,39.056514739990234
61,24.619604110717773
62,33.651634216308594
63,39.20348358154297
64,38.32142639160156
65,35.113983154296875
66,34.37081527709961
67,40.762115478515625
68,28.750255584716797
69,31.724079132080078
70,61.920257568359375
71,31.132423400878906
72,29.04438591003418
73,67.10665893554688
74,32.41171646118164
75,32.186344146728516
76,25.37387466430664
77,33.31468200683594
78,43.45006561279297
79,44.413299560546875
80,26.068952560424805
81,42.286529541015625
82,23.06947135925293
83,68.28804779052734
84,34.497711181640625
85,63.152801513671875
86,61.96827697753906
87,23.636056900024414
88,24.810766220092773
89,50.61298370361328
90,46.069766998291016
91,37.878204345703125
92,38.63358688354492
93,24.92269515991211
94,40.708675384521484
95,40.64918518066406
96,18.677078247070312
97,20.107065200805664
98,29.41165542602539
99,19.88601303100586
100,30.2362117767334
101,30.5025634765625
102,48.64263153076172
103,31.832536697387695
104,19.99449920654297
105,22.37955665588379
106,17.801673889160156
107,37.471923828125
108,62.906803131103516
109,29.44856071472168
110,59.84358215332031
111,37.66651153564453
112,31.58608627319336
113,26.458805084228516
114,17.510021209716797
115,50.50642395019531
116,26.230052947998047
117,27.060890197753906
118,23.592506408691406
119,31.79839515686035
120,29.215866088867188
121,23.401832580566406
122,31.319194793701172
123,19.20866584777832
124,36.544578552246094
125,53.488040924072266
126,54.222801208496094
127,46.277015686035156
128,35.643577575683594
129,44.39855194091797
130,17.23941421508789
131,32.9871826171875
132,24.45783042907715
133,30.511150360107422
134,34.62225341796875
135,23.32377052307129
136,23.89952850341797
137,39.507057189941406
138,46.90536880493164
139,37.22263717651367
140,28.746614456176758
141,46.5603141784668
142,32.42387390136719
143,38.455806732177734
144,20.875839233398438
145,24.337932586669922
146,35.82457733154297
147,25.5948429107666
148,37.17223358154297
149,33.003143310546875
150,35.78596496582031
151,22.001970291137695
152,33.268890380859375
153,24.262496948242188
154,24.9704647064209
155,26.551918029785156
156,36.10044860839844
157,43.48127365112305
158,38.63800811767578
159,35.37639617919922
160,33.81211853027344
161,24.025602340698242
162,44.26213455200195
163,31.205469131469727
164,25.314132690429688
165,24.375152587890625
166,30.519161224365234
167,35.084014892578125
168,36.28205871582031
169,30.519460678100586
170,38.66646957397461
171,25.348384857177734
172,40.21033477783203
173,36.372798919677734
174,22.513668060302734
175,23.634977340698242
176,41.771278381347656
177,27.220199584960938
178,18.019763946533203
179,43.89509582519531
180,41.06494140625
181,25.519628524780273
182,18.796581268310547
183,33.04066848754883
184,23.092880249023438
185,34.750789642333984
186,66.70929718017578
187,33.264766693115234
188,20.12738609313965
189,38.67192077636719
190,19.713191986083984
191,33.12084197998047
192,23.50757598876953
193,27.386751174926758
194,29.109912872314453
195,39.04792785644531
196,25.90744400024414
197,35.767520904541016
198,30.658763885498047
199,21.183290481567383
200,42.96659851074219
201,31.346851348876953
202,43.508548736572266
203,21.446186065673828
204,41.277549743652344
205,22.875659942626953
206,26.371112823486328
207,36.88719940185547
208,34.38503646850586
209,29.48293113708496
210,32.5632438659668
211,34.358070373535156
212,32.04978942871094
213,25.580625534057617
214,25.592039108276367
215,52.890533447265625
216,22.273042678833008
217,19.52886962890625
218,15.467782974243164
219,34.31964111328125
220,25.646560668945312
221,46.18296813964844
222,24.791460037231445
223,37.04185485839844
224,50.019386291503906
225,42.14045333862305
226,18.484088897705078
227,20.997163772583008
228,32.073158264160156
229,46.19210433959961
230,21.178125381469727
231,26.920011520385742
232,19.02111053466797
233,20.533775329589844
234,32.55994415283203
235,24.889881134033203
236,16.369766235351562
237,31.489234924316406
238,28.588741302490234
239,20.730186462402344
240,37.03166961669922
241,25.463979721069336
242,20.88082504272461
243,26.189712524414062
244,20.805973052978516
245,41.82642364501953
246,16.792184829711914
247,34.25105667114258
248,34.49420166015625
249,19.57345199584961
250,34.518653869628906
251,19.320510864257812
252,18.995378494262695
253,43.799198150634766
254,23.355396270751953
255,21.254133224487305
256,27.360179901123047
257,20.881561279296875
258,24.493837356567383
259,28.204235076904297
260,33.676509857177734
261,32.124412536621094
262,22.709035873413086
263,25.4283447265625
264,40.005374908447266
265,17.008163452148438
266,17.138521194458008
267,62.289024353027344
268,34.67023849487305
269,17.4842586517334
270,23.130043029785156
271,24.13501739501953
272,37.322120666503906
273,35.648216247558594
274,24.184526443481445
275,20.125009536743164
276,19.219327926635742
277,18.4632511138916
278,17.749692916870117
279,23.729801177978516
280,33.95637130737305
281,32.027496337890625
282,36.74728775024414
283,18.545337677001953
284,30.369571685791016
285,18.775436401367188
286,34.54836654663086
287,19.76329803466797
288,30.747966766357422
289,24.181934356689453
290,36.80697250366211
291,51.16678237915039
292,19.86589813232422
293,30.076993942260742
294,33.817596435546875
295,17.954195022583008
296,49.396095275878906
297,34.80914306640625
298,14.997884750366211
299,31.70720672607422
300,17.265182495117188
301,20.169198989868164
302,37.40800094604492
303,21.929466247558594
304,29.56981658935547
305,27.57021713256836
306,25.14372444152832
307,21.712604522705078
308,56.057865142822266
309,24.965852737426758
310,27.889942169189453
311,27.72772216796875
312,25.57395362854004
313,20.855010986328125
314,41.27401351928711
315,34.644710540771484
316,39.28965759277344
317,14.772581100463867
318,19.736095428466797
319,20.46404266357422
320,37.155738830566406
321,31.957183837890625
322,34.773345947265625
323,26.454185485839844
324,33.80901336669922
325,19.721973419189453
326,27.910812377929688
327,38.277435302734375
328,25.15081024169922
329,41.35613250732422
330,15.923286437988281
331,27.664636611938477
332,45.11959457397461
333,16.351245880126953
334,28.40087127685547
335,26.165428161621094
336,31.980304718017578
337,34.439117431640625
338,29.770658493041992
339,15.647459983825684
340,37.360076904296875
341,41.00273895263672
342,36.568885803222656
343,31.187105178833008
344,26.226905822753906
345,42.413856506347656
346,18.710859298706055
347,22.461883544921875
348,14.215046882629395
349,31.958568572998047
350,26.147626876831055
351,31.89568328857422
352,17.266117095947266
353,30.979291915893555
354,22.61408805847168
355,32.28986358642578
356,21.234132766723633
357,26.036258697509766
358,33.28514862060547
359,30.91690444946289
360,20.233421325683594
361,18.64269256591797
362,19.007570266723633
363,21.40312957763672
364,30.983051300048828
365,26.65757942199707
366,30.308650970458984
367,14.731910705566406
368,28.761199951171875
369,24.98914337158203
370,22.559160232543945
371,37.71659469604492
372,22.050628662109375
373,22.894922256469727
374,25.065486907958984
375,20.48360252380371
376,19.146926879882812
377,18.987457275390625
378,17.37344741821289
379,27.357444763183594
380,28.055871963500977
381,23.94891929626465
382,21.967002868652344
383,21.502391815185547
384,24.41962432861328
385,46.09389114379883
386,22.71977996826172
387,25.45407485961914
388,30.240976333618164
389,14.626199722290039
390,20.450193405151367
391,38.97378158569336
392,18.3176326751709
393,35.304893493652344
394,16.22032928466797
395,20.269392013549805
396,20.904130935668945
397,24.771865844726562
398,22.955780029296875
399,29.425094604492188
400,29.07588768005371
401,23.113075256347656
402,36.916748046875
403,18.977733612060547
404,28.339344024658203
405,30.631813049316406
406,26.805267333984375
407,19.698627471923828
408,40.953468322753906
409,23.58913230895996
410,18.93092918395996
411,23.500293731689453
412,30.92411994934082
413,29.604991912841797
414,24.394309997558594
415,20.192848205566406
416,22.000774383544922
417,28.264516830444336
418,17.98225975036621
419,43.547767639160156
420,30.194480895996094
421,23.7004451751709
422,16.232742309570312
423,30.09245491027832
424,20.178377151489258
425,32.28379440307617
426,21.734323501586914
427,24.006746292114258
428,23.722545623779297
429,34.33296203613281
430,27.883220672607422
431,49.9060173034668
432,49.3077278137207
433,27.83533477783203
434,15.279699325561523
435,16.596683502197266
436,46.82780838012695
437,26.521581649780273
438,20.95973014831543
439,30.2530517578125
440,20.97835350036621
441,42.87541580200195
442,25.483970642089844
443,17.249919891357422
444,21.045072555541992
445,26.264236450195312
446,58.4000244140625
447,31.295713424682617
448,38.457862854003906
449,49.240177154541016
450,45.548309326171875
451,16.827590942382812
452,41.08876037597656
453,33.08787155151367
454,15.317676544189453
455,32.609710693359375
456,16.371274948120117
457,21.464754104614258
458,33.684837341308594
459,27.859416961669922
460,35.191226959228516
461,37.929439544677734
462,24.40128517150879
463,17.69358253479004
464,27.884904861450195
465,20.48483657836914
466,20.64311981201172
467,51.13713073730469
468,24.168275833129883
469,22.011703491210938
470,25.91385269165039
471,18.11071014404297
472,63.54319763183594
473,29.707965850830078
474,25.074739456176758
475,37.38687515258789
476,16.57147979736328
477,30.74126625061035
478,20.413272857666016
479,21.187557220458984
480,30.09709930419922
481,28.650978088378906
482,22.802059173583984
483,38.92066192626953
484,20.9051513671875
485,13.459214210510254
486,22.80245018005371
487,19.81292152404785
488,30.040435791015625
489,15.971355438232422
490,24.77820587158203
491,30.735340118408203
492,31.96332359313965
493,29.44359016418457
494,14.643646240234375
495,32.86764144897461
496,33.410545349121094
497,38.1924934387207
498,26.41144561767578
499,20.33087921142578
500,30.91193199157715
501,33.43031311035156
502,19.91131591796875
503,42.81861877441406
504,25.85851287841797
505,24.676433563232422
506,33.62559509277344
507,26.755218505859375
508,30.072914123535156
509,25.372343063354492
510,32.26474380493164
511,19.041336059570312
512,20.707489013671875
513,18.663650512695312
514,22.92009735107422
515,26.004348754882812
516,16.77849006652832
517,40.382591247558594
518,24.889400482177734
519,16.716867446899414
520,25.274961471557617
521,34.325313568115234
522,26.95077133178711
523,18.861257553100586
524,31.774330139160156
525,32.364959716796875
526,33.98089599609375
527,23.426673889160156
528,14.894601821899414
529,25.401777267456055
530,18.318876266479492
531,26.15106773376465
532,13.52165412902832
533,18.774169921875
534,34.294288635253906
535,38.51156997680664
536,17.118741989135742
537,33.0054931640625
538,50.222129821777344
539,30.913799285888672
540,22.6697940826416
541,31.77676010131836
542,23.882930755615234
543,23.971057891845703
544,45.189998626708984
545,19.149412155151367
546,31.760089874267578
547,29.293487548828125
548,31.487483978271484
549,21.780073165893555
550,31.71385383605957
551,36.4107551574707
552,16.001060485839844
553,16.024211883544922
554,34.75139617919922
555,20.614559173583984
556,36.37744140625
557,33.1219482421875
558,16.07589340209961
559,16.905941009521484
560,30.119169235229492
561,31.224689483642578
562,24.357324600219727
563,25.326217651367188
564,21.555442810058594
565,24.520227432250977
566,24.772624969482422
567,13.920305252075195
568,27.73664093017578
569,18.474754333496094
570,25.06493377685547
571,12.80409049987793
572,27.364185333251953
573,30.109710693359375
574,21.909244537353516
575,41.27330017089844
576,14.763785362243652
577,25.0096435546875
578,22.57954216003418
579,17.84241485595703
580,15.872178077697754
581,28.974742889404297
582,41.98112487792969
583,13.630568504333496
584,20.913658142089844
585,18.593210220336914
586,21.756546020507812
587,33.93089294433594
588,14.163898468017578
589,39.430877685546875
590,26.529151916503906
591,16.7502384185791
592,24.350269317626953
593,18.77770233154297
594,15.385200500488281
595,25.793716430664062
596,23.34456443786621
597,16.496999740600586
598,19.809478759765625
599,20.259044647216797
600,41.81187057495117
601,19.095182418823242
602,20.472400665283203
603,34.08736801147461
604,19.44406509399414
605,28.76675796508789
606,18.268091201782227
607,23.203277587890625
608,18.219772338867188
609,13.156475067138672
610,14.913528442382812
611,27.866609573364258
612,31.547414779663086
613,49.159366607666016
614,14.174164772033691
615,24.541927337646484
616,14.684921264648438
617,15.9644775390625
618,23.2575740814209
619,24.451679229736328
620,33.63135528564453
621,23.28055191040039
622,24.53415870666504
623,16.98522186279297
624,21.639062881469727
625,12.19422721862793
626,28.036361694335938
627,21.220279693603516
628,21.99837303161621
629,28.297908782958984
630,16.316509246826172
631,20.04599952697754
632,18.05788803100586
633,19.286312103271484
634,29.740633010864258
635,21.379032135009766
636,32.808589935302734
637,23.33072280883789
638,29.86870765686035
639,23.760784149169922
640,14.416646957397461
641,26.25210189819336
642,30.509803771972656
643,35.72205352783203
644,27.284950256347656
645,39.39048385620117
646,14.770882606506348
647,18.74458885192871
648,21.672725677490234
649,34.90191650390625
650,23.631877899169922
651,25.345808029174805
652,20.41779327392578
653,16.684982299804688
654,12.54019832611084
655,21.322019577026367
656,18.863832473754883
657,26.089996337890625
658,24.828372955322266
659,21.35921859741211
660,36.989498138427734
661,15.748160362243652
662,41.2547492980957
663,49.78527069091797
664,36.98365020751953
665,15.59759521484375
666,40.258216857910156
667,20.06686782836914
668,33.63847351074219
669,19.911693572998047
670,30.618545532226562
671,12.277557373046875
672,14.290928840637207
673,33.81591033935547
674,20.882251739501953
675,24.240135192871094
676,15.733073234558105
677,11.804094314575195
678,29.125932693481445
679,32.776329040527344
680,40.263336181640625
681,18.539690017700195
682,21.76936149597168
683,27.64427947998047
684,33.29228973388672
685,27.484586715698242
686,15.023489952087402
687,21.544654846191406
688,24.257022857666016
689,20.767789840698242
690,35.14746856689453
691,30.152490615844727
692,41.661903381347656
693,14.499688148498535
694,19.897968292236328
695,26.711421966552734
696,36.05913543701172
697,18.408977508544922
698,18.14057159423828
699,17.500938415527344
700,18.52765655517578
701,17.975034713745117
702,24.162643432617188
703,21.165828704833984
704,42.308692932128906
705,13.925243377685547
706,34.71602249145508
707,28.227441787719727
708,16.82292938232422
709,21.971899032592773
710,17.34984016418457
711,23.504112243652344
712,18.73555564880371
713,21.46617889404297
714,13.343700408935547
715,18.888093948364258
716,13.085186004638672
717,16.354856491088867
718,28.49054718017578
719,18.050813674926758
720,21.704957962036133
721,16.033931732177734
722,14.934109687805176
723,28.796920776367188
724,30.66497802734375
725,38.865631103515625
726,16.098793029785156
727,15.021326065063477
728,16.734092712402344
729,31.801958084106445
730,31.928964614868164
731,15.43955135345459
732,23.56139373779297
733,35.741790771484375
734,13.21341323852539
735,22.451353073120117
736,27.054962158203125
737,25.610515594482422
738,20.10407066345215
739,15.446019172668457
740,20.876516342163086
741,19.933256149291992
742,16.42782211303711
743,17.372652053833008
744,14.40184211730957
745,36.42072296142578
746,49.30449676513672
747,32.40028381347656
748,49.94086456298828
749,22.14211654663086
750,26.341903686523438
751,28.394634246826172
752,23.815093994140625
753,26.613475799560547
754,19.573707580566406
755,16.638822555541992
756,19.033525466918945
757,26.470359802246094
758,26.127243041992188
759,24.14244270324707
760,13.825661659240723
761,19.701858520507812
762,39.39619064331055
763,21.468555450439453
764,23.440933227539062
765,29.443973541259766
766,17.475845336914062
767,27.38996696472168
768,36.48649597167969
769,20.494091033935547
770,25.457672119140625
771,23.321447372436523
772,14.918290138244629
773,38.28448486328125
774,19.368942260742188
775,22.987424850463867
776,30.371044158935547
777,12.611714363098145
778,25.359193801879883
779,36.28767013549805
780,21.295185089111328
781,52.36659240722656
782,17.45855712890625
783,66.13774108886719
784,37.396209716796875
785,30.628395080566406
786,12.765864372253418
787,20.57708168029785
788,31.14795684814453
789,18.787986755371094
790,20.494264602661133
791,24.13604736328125
792,18.011180877685547
793,15.38211441040039
794,27.566730499267578
795,22.77870750427246
796,19.31839942932129
797,24.92193603515625
798,19.04937744140625
799,31.847183227539062
800,23.832000732421875
801,16.06586456298828
802,17.70278549194336
803,10.958163261413574
804,13.229690551757812
805,19.83121681213379
806,42.66090393066406
807,21.440879821777344
808,16.17331314086914
809,11.8751220703125
810,23.0385799407959
811,31.263776779174805
812,13.690229415893555
813,17.978992462158203
814,18.336437225341797
815,44.187339782714844
816,45.29918670654297
817,26.512248992919922
818,25.462770462036133
819,18.294326782226562
820,18.257829666137695
821,18.505422592163086
822,17.018930435180664
823,45.749603271484375
824,18.06521987915039
825,27.00818634033203
826,12.894462585449219
827,24.386075973510742
828,36.636146545410156
829,14.85147476196289
830,25.047792434692383
831,28.139989852905273
832,19.318359375
833,37.095096588134766
834,12.977051734924316
835,25.898204803466797
836,21.327844619750977
837,33.045230865478516
838,16.174270629882812
839,31.422290802001953
840,27.462162017822266
841,41.58148956298828
842,25.83184242248535
843,20.66454315185547
844,21.845748901367188
845,11.091716766357422
846,16.2049560546875
847,46.26734161376953
848,16.58820343017578
849,39.19325637817383
850,29.563753128051758
851,12.12065315246582
852,19.546966552734375
853,12.44593620300293
854,29.67578125
855,28.71982192993164
856,36.970584869384766
857,16.842796325683594
858,12.177124977111816
859,22.49799346923828
860,33.97761535644531
861,17.309011459350586
862,16.891414642333984
863,26.31942367553711
864,28.23183822631836
865,16.524822235107422
866,19.254941940307617
867,25.60586929321289
868,15.348640441894531
869,18.578845977783203
870,28.51968002319336
871,20.144697189331055
872,25.280994415283203
873,24.932191848754883
874,22.2685604095459
875,26.45684051513672
876,24.39346694946289
877,24.267282485961914
878,45.19208908081055
879,15.243854522705078
880,22.835567474365234
881,18.014379501342773
882,15.388957977294922
883,17.197734832763672
884,13.104673385620117
885,16.40241050720215
886,11.067588806152344
887,42.409446716308594
888,17.830528259277344
889,14.41917610168457
890,24.682687759399414
891,28.94817352294922
892,32.62506103515625
893,18.531103134155273
894,10.51273250579834
895,30.024919509887695
896,13.876423835754395
897,39.4485969543457
898,13.979077339172363
899,13.717891693115234
900,16.30844497680664
901,13.05138874053955
902,21.824493408203125
903,23.584808349609375
904,19.476716995239258
905,15.193206787109375
906,20.80473518371582
907,24.42182159423828
908,26.986919403076172
909,43.231510162353516
910,26.875272750854492
911,14.178247451782227
912,12.615649223327637
913,17.297353744506836
914,15.344983100891113
915,15.771581649780273
916,31.928955078125
917,16.85747528076172
918,12.127902030944824
919,36.419639587402344
920,26.31012725830078
921,35.66880798339844
922,18.295881271362305
923,21.683048248291016
924,31.096664428710938
925,15.348901748657227
926,14.375663757324219
927,23.981815338134766
928,21.71337127685547
929,22.99632453918457
930,29.1248779296875
931,41.10356903076172
932,24.58123016357422
933,14.591136932373047
934,29.19886016845703
935,16.918920516967773
936,15.802995681762695
937,34.871498107910156
938,21.910343170166016
939,34.45260238647461
940,18.36675453186035
941,49.8216438293457
942,14.814289093017578
943,39.74417495727539
944,14.549835205078125
945,23.792308807373047
946,17.319839477539062
947,25.42813491821289
948,25.611499786376953
949,24.566417694091797
950,19.94406509399414
951,23.58200454711914
952,21.374982833862305
953,21.652231216430664
954,19.288734436035156
955,19.50243377685547
956,33.45372009277344
957,22.4794864654541
958,28.043031692504883
959,26.362152099609375
960,27.086776733398438
961,21.094215393066406
962,28.28291893005371
963,18.593488693237305
964,30.023731231689453
965,17.818084716796875
966,25.001440048217773
967,20.8266658782959
968,34.44306945800781
969,29.559539794921875
970,21.906963348388672
971,28.070301055908203
972,17.618295669555664
973,31.838130950927734
974,30.5130615234375
975,27.34281349182129
976,20.494773864746094
977,23.80590057373047
978,24.642879486083984
979,17.164052963256836
980,13.999837875366211
981,27.142854690551758
982,11.324004173278809
983,23.453359603881836
984,26.985143661499023
985,10.662710189819336
986,16.870193481445312
987,49.894126892089844
988,16.34212303161621
989,26.439403533935547
990,29.519001007080078
991,14.072639465332031
992,41.61833190917969
993,17.906925201416016
994,38.54793167114258
995,16.607738494873047
996,22.24690818786621
997,15.196710586547852
998,12.217509269714355
999,22.05073356628418
1000,14.941624641418457
1001,18.03028106689453
1002,40.719818115234375
1003,25.937686920166016
1004,19.322593688964844
1005,22.261415481567383
1006,26.101642608642578
1007,29.287883758544922
1008,37.971336364746094
1009,27.36376953125
1010,17.707996368408203
1011,17.33879852294922
1012,25.403644561767578
1013,24.931516647338867
1014,16.728641510009766
1015,10.957924842834473
1016,12.431553840637207
1017,34.952247619628906
1018,24.630207061767578
1019,25.733592987060547
1020,18.579792022705078
1021,26.509349822998047
1022,16.54752540588379
1023,28.49895477294922
1024,29.506765365600586
1025,22.594600677490234
1026,32.91008758544922
1027,23.553266525268555
1028,15.908225059509277
1029,17.320236206054688
1030,20.61368179321289
1031,17.767845153808594
1032,18.53551483154297
1033,16.46058464050293
1034,13.140412330627441
1035,12.744955062866211
1036,37.319480895996094
1037,11.639259338378906
1038,16.48354721069336
1039,13.238494873046875
1040,17.922670364379883
1041,24.094797134399414
1042,21.391353607177734
1043,15.100879669189453
1044,12.667621612548828
1045,14.600911140441895
1046,20.622852325439453
1047,18.934417724609375
1048,26.966962814331055
1049,24.316511154174805
1050,14.620868682861328
1051,17.931564331054688
1052,13.288179397583008
1053,19.774349212646484
1054,21.152502059936523
1055,15.466068267822266
1056,23.40591812133789
1057,17.26796531677246
1058,16.434120178222656
1059,19.072284698486328
1060,24.778541564941406
1061,15.281919479370117
1062,9.936354637145996
1063,20.64063262939453
1064,31.807403564453125
1065,16.991741180419922
1066,17.44614028930664
1067,19.956300735473633
1068,19.312711715698242
1069,24.62212371826172
1070,13.4103422164917
1071,13.416934967041016
1072,16.104936599731445
1073,19.551395416259766
1074,25.472110748291016
1075,22.119243621826172
1076,20.168704986572266
1077,28.779582977294922
1078,28.98870086669922
1079,12.502073287963867
1080,16.57978630065918
1081,15.510961532592773
1082,15.470134735107422
1083,24.926084518432617
1084,12.69044303894043
1085,12.011123657226562
1086,14.488712310791016
1087,10.840158462524414
1088,13.786537170410156
1089,20.06229019165039
1090,28.870590209960938
1091,17.586833953857422
1092,25.189716339111328
1093,25.944915771484375
1094,41.7091064453125
1095,35.59490966796875
1096,21.52098846435547
1097,27.863859176635742
1098,11.938190460205078
1099,39.106224060058594
1100,20.52819061279297
1101,20.129179000854492
1102,25.72919464111328
1103,28.6453800201416
1104,29.84650230407715
1105,20.983318328857422
1106,22.27139663696289
1107,26.679847717285156
1108,25.129680633544922
1109,19.530290603637695
1110,22.507814407348633
1111,27.59677505493164
1112,24.256805419921875
1113,27.229625701904297
1114,29.75510025024414
1115,16.34780502319336
1116,17.88010597229004
1117,33.469825744628906
1118,24.84748077392578
1119,44.45939636230469
1120,39.2484016418457
1121,26.827880859375
1122,20.365833282470703
1123,27.34608268737793
1124,25.9544620513916
1125,18.312950134277344
1126,41.885009765625
1127,20.082958221435547
1128,12.854498863220215
1129,22.963247299194336
1130,19.710166931152344
1131,10.936727523803711
1132,17.890167236328125
1133,12.93667221069336
1134,14.826395034790039
1135,32.971466064453125
1136,17.249958038330078
1137,20.859989166259766
1138,12.38373851776123
1139,17.966461181640625
1140,12.082252502441406
1141,35.185791015625
1142,13.553407669067383
1143,24.605310440063477
1144,12.140466690063477
1145,26.583892822265625
1146,15.919498443603516
1147,11.390937805175781
1148,24.021167755126953
1149,18.76966667175293
1150,14.593238830566406
1151,15.33504867553711
1152,34.23775863647461
1153,31.527664184570312
1154,25.46074867248535
1155,19.81292152404785
1156,27.479116439819336
1157,17.637039184570312
1158,30.74288558959961
1159,13.939380645751953
1160,20.612529754638672
1161,16.934947967529297
1162,10.186297416687012
1163,19.159568786621094
1164,11.051279067993164
1165,30.514312744140625
1166,17.94582176208496
1167,27.061769485473633
1168,24.44749641418457
1169,29.945507049560547
1170,22.50175666809082
1171,17.888198852539062
1172,19.3800106048584
1173,18.65740203857422
1174,19.770292282104492
1175,25.48394203186035
1176,11.809025764465332
1177,16.12750816345215
1178,14.844730377197266
1179,25.196880340576172
1180,13.821096420288086
1181,25.323482513427734
1182,31.809785842895508
1183,15.052837371826172
1184,22.339216232299805
1185,25.705989837646484
1186,23.698238372802734
1187,24.143260955810547
1188,22.294422149658203
1189,17.266464233398438
1190,10.99632453918457
1191,36.966617584228516
1192,18.742183685302734
1193,25.417978286743164
1194,18.081876754760742
1195,21.962358474731445
1196,14.639389038085938
1197,24.76437759399414
1198,14.346617698669434
1199,16.87833023071289
1200,14.175848960876465
1201,12.731281280517578
1202,16.839345932006836
1203,20.333404541015625
1204,17.389734268188477
1205,14.6851806640625
1206,48.412376403808594
1207,17.682479858398438
1208,19.745067596435547
1209,31.6461238861084
1210,17.953187942504883
1211,8.81873893737793
1212,16.893360137939453
1213,13.801361083984375
1214,21.148311614990234
1215,32.611000061035156
1216,20.84085464477539
1217,13.56248664855957
1218,9.942740440368652
1219,22.90271759033203
1220,12.610471725463867
1221,42.49341583251953
1222,15.644015312194824
1223,18.51998519897461
1224,30.306991577148438
1225,24.188390731811523
1226,28.363500595092773
1227,31.538265228271484
1228,32.29219055175781
1229,16.331693649291992
1230,16.213762283325195
1231,13.252881050109863
1232,15.712675094604492
1233,24.935890197753906
1234,20.682849884033203
1235,17.855976104736328
1236,17.178184509277344
1237,25.601600646972656
1238,25.510038375854492
1239,25.19283103942871
1240,31.81642723083496
1241,21.601116180419922
1242,27.957202911376953
1243,16.089862823486328
1244,35.992950439453125
1245,21.802547454833984
1246,19.01526641845703
1247,31.594440460205078
1248,29.1865291595459
1249,13.571330070495605
1250,20.342382431030273
1251,20.789121627807617
1252,10.448203086853027
1253,17.845476150512695
1254,20.281051635742188
1255,29.734642028808594
1256,10.24100112915039
1257,20.03839683532715
1258,26.895923614501953
1259,14.911306381225586
1260,13.678089141845703
1261,10.390857696533203
1262,11.896856307983398
1263,15.143735885620117
1264,11.175378799438477
1265,15.622781753540039
1266,22.456798553466797
1267,27.433269500732422
1268,14.75078010559082
1269,11.799660682678223
1270,11.95531177520752
1271,27.165576934814453
1272,11.806724548339844
1273,11.549980163574219
1274,20.132362365722656
1275,12.095968246459961
1276,21.66733741760254
1277,32.2686767578125
1278,16.029203414916992
1279,12.170038223266602
1280,14.543852806091309
1281,23.239957809448242
1282,12.839347839355469
1283,13.8251953125
1284,33.33788299560547
1285,10.75034236907959
1286,27.061941146850586
1287,26.345489501953125
1288,19.208759307861328
1289,44.177642822265625
1290,11.161358833312988
1291,17.404800415039062
1292,13.595085144042969
1293,29.635635375976562
1294,19.913095474243164
1295,14.161813735961914
1296,14.366455078125
1297,11.409381866455078
1298,22.450973510742188
1299,18.575422286987305
1300,28.08737564086914
1301,36.16397476196289
1302,24.838029861450195
1303,14.92567253112793
1304,17.832473754882812
1305,21.033023834228516
1306,23.43207359313965
1307,10.257545471191406
1308,31.106489181518555
1309,16.953266143798828
1310,22.888916015625
1311,14.410236358642578
1312,29.252666473388672
1313,24.993797302246094
1314,23.213367462158203
1315,21.778236389160156
1316,18.921995162963867
1317,27.402626037597656
1318,23.545005798339844
1319,30.576656341552734
1320,15.751474380493164
1321,12.167351722717285
1322,15.077787399291992
1323,14.710573196411133
1324,14.96837329864502
1325,11.502826690673828
1326,33.2067756652832
1327,14.164058685302734
1328,38.499454498291016
1329,21.835899353027344
1330,20.285938262939453
1331,15.548113822937012
1332,22.514528274536133
1333,14.70533561706543
1334,38.77370834350586
1335,12.622139930725098
1336,37.400638580322266
1337,24.528671264648438
1338,17.052400588989258
1339,37.71166229248047
1340,14.79385757446289
1341,27.08053970336914
1342,24.60171890258789
1343,12.424720764160156
1344,13.18775749206543
1345,15.364847183227539
1346,16.822351455688477
1347,24.973613739013672
1348,32.0502815246582
1349,30.969985961914062
1350,20.769264221191406
1351,16.79882049560547
1352,21.958084106445312
1353,32.312889099121094
1354,50.86488342285156
1355,10.491329193115234
1356,15.821435928344727
1357,28.170440673828125
1358,17.79461669921875
1359,17.161043167114258
1360,29.687244415283203
1361,30.843732833862305
1362,24.538999557495117
1363,18.505352020263672
1364,19.524085998535156
1365,11.041824340820312
1366,20.564327239990234
1367,13.990303039550781
1368,11.924396514892578
1369,15.088208198547363
1370,13.985847473144531
1371,24.642963409423828
1372,10.741755485534668
1373,21.565492630004883
1374,18.00434684753418
1375,33.44648742675781
1376,14.75475788116455
1377,30.399662017822266
1378,15.534997940063477
1379,33.31686782836914
1380,12.183786392211914
1381,11.749796867370605
1382,12.371537208557129
1383,12.37012767791748
1384,25.517698287963867
1385,21.402759552001953
1386,10.425359725952148
1387,13.322294235229492
1388,13.827482223510742
1389,16.133544921875
1390,19.493972778320312
1391,16.00205421447754
1392,25.460031509399414
1393,11.456707954406738
1394,15.163915634155273
1395,27.18842124938965
1396,21.330162048339844
1397,14.793089866638184
1398,38.45425033569336
1399,21.253084182739258
1400,11.837957382202148
1401,16.319297790527344
1402,21.90521240234375
1403,24.8348331451416
1404,24.927949905395508
1405,25.05694580078125
1406,21.631778717041016
1407,19.193511962890625
1408,21.114444732666016
1409,37.13910675048828
1410,18.58716583251953
1411,19.165019989013672
1412,17.4274959564209
1413,14.438382148742676
1414,14.704957962036133
1415,16.6439208984375
1416,16.914348602294922
1417,18.75606918334961
1418,21.592775344848633
1419,21.120229721069336
1420,27.97018814086914
1421,24.384441375732422
1422,9.49500846862793
1423,28.70121955871582
1424,30.558210372924805
1425,11.87051773071289
1426,21.829853057861328
1427,21.203468322753906
1428,21.36042594909668
1429,34.042274475097656
1430,35.29246520996094
1431,13.428120613098145
1432,14.193399429321289
1433,14.658248901367188
1434,13.377023696899414
1435,11.030484199523926
1436,32.84364318847656
1437,25.783058166503906
1438,8.260034561157227
1439,17.884531021118164
1440,14.461040496826172
1441,20.777833938598633
1442,12.667200088500977
1443,15.141164779663086
1444,20.030370712280273
1445,41.47645568847656
1446,41.52720642089844
1447,18.237735748291016
1448,13.891706466674805
1449,13.116167068481445
1450,19.116348266601562
1451,17.800992965698242
1452,17.24100112915039
1453,13.492963790893555
1454,18.297870635986328
1455,19.213722229003906
1456,17.672595977783203
1457,16.638442993164062
1458,27.410608291625977
1459,22.255672454833984
1460,17.385812759399414
1461,20.206388473510742
1462,18.00691795349121
1463,18.04926872253418
1464,25.009830474853516
1465,15.604926109313965
1466,14.547694206237793
1467,12.020110130310059
1468,24.899484634399414
1469,25.829906463623047
1470,16.031475067138672
1471,11.518166542053223
1472,15.041768074035645
1473,14.187101364135742
1474,11.480012893676758
1475,12.962644577026367
1476,28.77345848083496
1477,18.565919876098633
1478,14.929740905761719
1479,25.418367385864258
1480,13.130410194396973
1481,17.467145919799805
1482,31.70157814025879
1483,29.771282196044922
1484,13.491372108459473
1485,22.54514503479004
1486,15.218342781066895
1487,37.243431091308594
1488,20.580228805541992
1489,11.59072494506836
1490,21.035173416137695
1491,9.597108840942383
1492,13.028594970703125
1493,26.369888305664062
1494,18.943273544311523
1495,15.821372032165527
1496,14.803770065307617
1497,12.168306350708008
1498,14.683443069458008
1499,11.25885009765625
1500,20.74747657775879
1501,31.83677864074707
1502,27.303020477294922
1503,9.062369346618652
1504,13.453935623168945
1505,23.70476531982422
1506,12.808784484863281
1507,16.6959171295166
1508,18.40739631652832
1509,20.300434112548828
1510,17.624603271484375
1511,13.15418529510498
1512,20.062685012817383
1513,9.673507690429688
1514,24.2742862701416
1515,17.531906127929688
1516,24.371517181396484
1517,22.841611862182617
1518,14.155385971069336
1519,33.15741729736328
1520,21.600261688232422
1521,15.5494384765625
1522,21.66596031188965
1523,27.484127044677734
1524,14.68510627746582
1525,12.09648609161377
1526,13.339378356933594
1527,16.600839614868164
1528,25.658754348754883
1529,21.113632202148438
1530,50.000328063964844
1531,21.830354690551758
1532,8.71717643737793
1533,12.29240608215332
1534,27.723617553710938
1535,34.69483184814453
1536,10.403679847717285
1537,12.642549514770508
1538,12.767354965209961
1539,21.97970199584961
1540,16.34375762939453
1541,16.75920867919922
1542,11.872255325317383
1543,15.803742408752441
1544,27.422210693359375
1545,23.04456901550293
1546,10.58126449584961
1547,30.25597381591797
1548,23.248916625976562
1549,13.517396926879883
1550,10.87483024597168
1551,17.1540470123291
1552,33.33745574951172
1553,13.3677978515625
1554,19.595064163208008
1555,15.327020645141602
1556,16.284576416015625
1557,31.259357452392578
1558,35.12314987182617
1559,12.38686466217041
1560,8.881296157836914
1561,10.555624008178711
1562,18.77923011779785
1563,15.669587135314941
1564,19.08411979675293
1565,13.747081756591797
1566,14.167024612426758
1567,16.73308753967285
1568,25.124441146850586
1569,14.404170989990234
1570,18.054351806640625
1571,18.23819351196289
1572,9.925484657287598
1573,24.66701889038086
1574,16.037185668945312
1575,14.597657203674316
1576,16.723609924316406
1577,17.76589012145996
1578,15.154267311096191
1579,19.798412322998047
1580,15.02176284790039
1581,11.538854598999023
1582,20.503276824951172
1583,15.085933685302734
1584,20.986358642578125
1585,22.243366241455078
1586,28.386646270751953
1587,23.291410446166992
1588,23.891515731811523
1589,24.64864158630371
1590,26.820486068725586
1591,17.493972778320312
1592,29.049053192138672
1593,9.225367546081543
1594,17.036396026611328
1595,25.036907196044922
1596,11.18701171875
1597,16.895177841186523
1598,26.76462173461914
1599,9.365423202514648
1600,35.95994567871094
1601,17.873262405395508
1602,16.225250244140625
1603,10.082413673400879
1604,22.566396713256836
1605,12.843574523925781
1606,16.0694580078125
1607,12.352728843688965
1608,14.952485084533691
1609,9.578689575195312
1610,19.86603546142578
1611,16.549631118774414
1612,9.106496810913086
1613,17.161407470703125
1614,20.098840713500977
1615,20.147357940673828
1616,19.335580825805664
1617,15.421672821044922
1618,9.736820220947266
1619,13.963919639587402
1620,22.31052017211914
1621,19.89338493347168
1622,20.963960647583008
1623,9.956670761108398
1624,20.148738861083984
1625,24.88409423828125
1626,16.552810668945312
1627,13.059053421020508
1628,14.996240615844727
1629,19.372650146484375
1630,18.705398559570312
1631,19.369060516357422
1632,18.137069702148438
1633,15.36934757232666
1634,23.990415573120117
1635,23.234912872314453
1636,12.684627532958984
1637,48.996063232421875
1638,13.686243057250977
1639,12.539209365844727
1640,33.513511657714844
1641,11.647418022155762
1642,11.502069473266602
1643,16.174598693847656
1644,8.840704917907715
1645,22.805320739746094
1646,15.425323486328125
1647,11.324677467346191
1648,11.625110626220703
1649,11.590609550476074
1650,20.56155776977539
1651,21.678991317749023
1652,18.921358108520508
1653,17.841262817382812
1654,23.01963996887207
1655,23.98529052734375
1656,13.213998794555664
1657,22.650876998901367
1658,15.723407745361328
1659,24.437543869018555
1660,18.553882598876953
1661,16.839452743530273
1662,12.497007369995117
1663,11.345291137695312
1664,23.74821662902832
1665,13.46216869354248
1666,11.918858528137207
1667,14.489215850830078
1668,16.99242401123047
1669,9.445206642150879
1670,15.449718475341797
1671,21.104204177856445
1672,10.541463851928711
1673,25.06032371520996
1674,16.74750328063965
1675,25.57137680053711
1676,25.241592407226562
1677,18.564891815185547
1678,21.086448669433594
1679,17.825040817260742
1680,27.586097717285156
1681,9.947440147399902
1682,18.39665985107422
1683,10.764025688171387
1684,21.28671646118164
1685,9.717368125915527
1686,40.339908599853516
1687,11.672647476196289
1688,24.714902877807617
1689,11.701254844665527
1690,16.52294158935547
1691,24.241798400878906
1692,14.932783126831055
1693,28.969131469726562
1694,23.383384704589844
1695,14.279021263122559
1696,19.66844940185547
1697,29.774038314819336
1698,25.273548126220703
1699,10.877182006835938
1700,20.617340087890625
1701,19.054370880126953
1702,10.083646774291992
1703,13.351489067077637
1704,29.02289581298828
1705,11.724884986877441
1706,9.756096839904785
1707,12.247465133666992
1708,19.667991638183594
1709,9.00793743133545
1710,12.996200561523438
1711,23.736618041992188
1712,8.734162330627441
1713,15.438094139099121
1714,14.414596557617188
1715,33.97184753417969
1716,12.16257381439209
1717,7.897396087646484
1718,10.261691093444824
1719,11.973363876342773
1720,18.029273986816406
1721,17.281187057495117
1722,27.850181579589844
1723,25.81003761291504
1724,10.685596466064453
1725,10.452770233154297
1726,12.178872108459473
1727,23.305347442626953
1728,14.104669570922852
1729,14.574359893798828
1730,14.528776168823242
1731,21.386653900146484
1732,25.319927215576172
1733,13.825267791748047
1734,13.716381072998047
1735,12.189929008483887
1736,23.257123947143555
1737,25.875354766845703
1738,17.97530746459961
1739,19.04258155822754
1740,20.680978775024414
1741,11.946266174316406
1742,15.10720157623291
1743,21.572711944580078
1744,22.84981346130371
1745,9.838263511657715
1746,10.277019500732422
1747,21.490062713623047
1748,27.421798706054688
1749,13.417059898376465
1750,17.278173446655273
1751,12.90894889831543
1752,14.677827835083008
1753,22.81498908996582
1754,24.081558227539062
1755,20.56686782836914
1756,25.28565216064453
1757,11.510668754577637
1758,24.672298431396484
1759,15.651311874389648
1760,11.266302108764648
1761,8.525491714477539
1762,10.248377799987793
1763,18.750255584716797
1764,20.37332534790039
1765,15.135310173034668
1766,10.59378719329834
1767,10.47540283203125
1768,21.172607421875
1769,14.384807586669922
1770,10.977243423461914
1771,8.568952560424805
1772,22.514070510864258
1773,23.57864761352539
1774,25.86264991760254
1775,24.47785186767578
1776,11.886585235595703
1777,16.86488151550293
1778,14.381961822509766
1779,21.82599639892578
1780,16.322708129882812
1781,20.828838348388672
1782,8.741047859191895
1783,15.751044273376465
1784,22.314266204833984
1785,22.638370513916016
1786,19.98688507080078
1787,18.013525009155273
1788,9.188536643981934
1789,23.216699600219727
1790,28.445852279663086
1791,13.75395393371582
1792,14.5596923828125
1793,20.82936668395996
1794,26.165477752685547
1795,16.112733840942383
1796,24.2465763092041
1797,13.992635726928711
1798,15.15622329711914
1799,16.93577766418457
1800,13.375165939331055
1801,19.768150329589844
1802,29.8590030670166
1803,10.949509620666504
1804,23.436317443847656
1805,16.864591598510742
1806,16.102272033691406
1807,11.712821006774902
1808,23.498855590820312
1809,15.644969940185547
1810,10.659172058105469
1811,9.958369255065918
1812,18.239906311035156
1813,17.141490936279297
1814,10.492920875549316
1815,16.79228973388672
1816,21.100690841674805
1817,15.017679214477539
1818,22.143781661987305
1819,17.784982681274414
1820,16.69020652770996
1821,10.74288272857666
1822,17.39716339111328
1823,18.626245498657227
1824,15.400815963745117
1825,20.369516372680664
1826,17.53855323791504
1827,13.080881118774414
1828,16.174537658691406
1829,13.143345832824707
1830,8.532791137695312
1831,17.12212371826172
1832,17.859619140625
1833,27.80644989013672
1834,33.429595947265625
1835,10.217050552368164
1836,8.59155559539795
1837,13.48798942565918
1838,11.3890962600708
1839,28.504959106445312
1840,19.069961547851562
1841,30.53756332397461
1842,12.341032028198242
1843,16.86075210571289
1844,12.561884880065918
1845,18.716533660888672
1846,12.411945343017578
1847,17.000144958496094
1848,31.91179084777832
1849,15.872611045837402
1850,24.09575080871582
1851,17.741548538208008
1852,26.526960372924805
1853,12.147292137145996
1854,12.052971839904785
1855,13.693466186523438
1856,26.274240493774414
1857,11.123969078063965
1858,20.507976531982422
1859,17.4987735748291
1860,28.812091827392578
1861,15.480621337890625
1862,14.466346740722656
1863,14.49777603149414
1864,11.118623733520508
1865,19.311174392700195
1866,15.76884937286377
1867,27.858379364013672
1868,13.80047607421875
1869,25.456029891967773
1870,11.808732986450195
1871,12.046747207641602
1872,10.385932922363281
1873,21.018451690673828
1874,13.879749298095703
1875,9.504851341247559
1876,30.73944091796875
1877,17.638059616088867
1878,13.440719604492188
1879,15.588483810424805
1880,13.269290924072266
1881,10.89345932006836
1882,22.353656768798828
1883,17.602994918823242
1884,26.273773193359375
1885,28.34572982788086
1886,12.895797729492188
1887,16.498971939086914
1888,18.051551818847656
1889,19.24915885925293
1890,13.755712509155273
1891,13.634693145751953
1892,17.81496810913086
1893,32.85921859741211
1894,9.45827579498291
1895,9.869338989257812
1896,25.035825729370117
1897,13.544013977050781
1898,15.184978485107422
1899,35.38966751098633
1900,18.27059555053711
1901,13.85091495513916
1902,19.022689819335938
1903,11.682866096496582
1904,12.38475513458252
1905,18.232135772705078
1906,26.74652099609375
1907,23.10536766052246
1908,10.835251808166504
1909,8.28187370300293
1910,10.349442481994629
1911,15.561695098876953
1912,17.008224487304688
1913,35.57674789428711
1914,10.091391563415527
1915,11.409690856933594
1916,11.66528034210205
1917,21.926597595214844
1918,10.131752014160156
1919,18.34259033203125
1920,17.072277069091797
1921,12.536327362060547
1922,19.552133560180664
1923,23.44180679321289
1924,13.870003700256348
1925,11.743200302124023
1926,14.894559860229492
1927,14.98566722869873
1928,12.67333698272705
1929,9.747865676879883
1930,16.079378128051758
1931,14.191702842712402
1932,10.93687629699707
1933,15.014192581176758
1934,17.14229965209961
1935,19.513832092285156
1936,24.040632247924805
1937,18.62933921813965
1938,21.62163734436035
1939,22.565181732177734
1940,20.019954681396484
1941,22.924182891845703
1942,11.66905403137207
1943,13.178731918334961
1944,12.455412864685059
1945,11.848795890808105
1946,17.39040756225586
1947,17.349197387695312
1948,10.815319061279297
1949,22.82189178466797
1950,19.80474090576172
1951,14.185555458068848
1952,23.24262046813965
1953,19.51704216003418
1954,8.48472785949707
1955,15.13381290435791
1956,11.3590087890625
1957,11.085662841796875
1958,15.53098201751709
1959,12.205729484558105
1960,7.651777744293213
1961,12.751912117004395
1962,22.809213638305664
1963,12.093738555908203
1964,11.58221435546875
1965,13.01212215423584
1966,18.396507263183594
1967,25.052898406982422
1968,12.711297035217285
1969,32.6329231262207
1970,24.849506378173828
1971,8.08517837524414
1972,20.000173568725586
1973,13.753640174865723
1974,49.11802291870117
1975,16.335281372070312
1976,17.335723876953125
1977,16.33139991760254
1978,14.874910354614258
1979,16.914974212646484
1980,10.32934284210205
1981,10.753222465515137
1982,25.253196716308594
1983,17.235021591186523
1984,16.666723251342773
1985,25.828916549682617
1986,13.828457832336426
1987,13.01063346862793
1988,14.423702239990234
1989,23.393693923950195
1990,19.784536361694336
1991,15.070419311523438
1992,9.708580017089844
1993,20.170753479003906
1994,25.206008911132812
1995,13.029221534729004
1996,16.66663360595703
1997,34.229835510253906
1998,14.626338958740234
1999,10.050760269165039
2000,26.889463424682617
2001,12.560635566711426
2002,22.496932983398438
2003,11.834753036499023
2004,13.318388938903809
2005,10.715800285339355
2006,10.159699440002441
2007,12.969886779785156
2008,10.079574584960938
2009,24.04562759399414
2010,12.804466247558594
2011,20.353532791137695
2012,14.399765014648438
2013,13.359879493713379
2014,14.66625690460205
2015,17.294816970825195
2016,12.667708396911621
2017,8.936017036437988
2018,11.763041496276855
2019,12.009016990661621
2020,13.790007591247559
2021,28.719818115234375
2022,11.122105598449707
2023,10.821853637695312
2024,15.480243682861328
2025,15.895051956176758
2026,8.949965476989746
2027,12.484272003173828
2028,14.262434005737305
2029,8.761068344116211
2030,18.768369674682617
2031,12.431215286254883
2032,12.421487808227539
2033,19.975276947021484
2034,15.098397254943848
2035,30.806320190429688
2036,30.173187255859375
2037,22.92449951171875
2038,11.065377235412598
2039,9.683732032775879
2040,24.697242736816406
2041,15.034164428710938
2042,17.162906646728516
2043,15.406343460083008
2044,36.48569869995117
2045,9.575916290283203
2046,9.413195610046387
2047,33.57213592529297
2048,23.711536407470703
2049,12.208304405212402
2050,22.64975357055664
2051,14.700020790100098
2052,10.914417266845703
2053,8.660154342651367
2054,19.458480834960938
2055,9.638609886169434
2056,21.675737380981445
2057,8.207545280456543
2058,15.162925720214844
2059,17.441991806030273
2060,13.330097198486328
2061,12.772327423095703
2062,28.841156005859375
2063,9.59498405456543
2064,11.18589973449707
2065,13.116667747497559
2066,14.679410934448242
2067,10.001585006713867
2068,10.842388153076172
2069,17.36414337158203
2070,12.49103832244873
2071,22.215286254882812
2072,18.940855026245117
2073,10.813546180725098
2074,21.6685733795166
2075,10.532893180847168
2076,25.763748168945312
2077,7.715401649475098
2078,12.239723205566406
2079,12.071456909179688
2080,13.920417785644531
2081,10.133548736572266
2082,12.29704475402832
2083,24.368999481201172
2084,12.19546890258789
2085,8.858100891113281
2086,12.442304611206055
2087,11.959565162658691
2088,19.08647918701172
2089,31.243778228759766
2090,10.810874938964844
2091,12.843460083007812
2092,10.594255447387695
2093,15.876049041748047
2094,16.23601722717285
2095,10.100911140441895
2096,17.278581619262695
2097,17.08643913269043
2098,14.34004020690918
2099,23.648386001586914
2100,11.844970703125
2101,14.744857788085938
2102,18.40524673461914
2103,19.788002014160156
2104,14.167253494262695
2105,14.331794738769531
2106,13.462839126586914
2107,20.807373046875
2108,15.017318725585938
2109,23.688323974609375
2110,19.076417922973633
2111,16.334430694580078
2112,9.269524574279785
2113,16.18343734741211
2114,17.430294036865234
2115,17.112125396728516
2116,11.336268424987793
2117,20.600435256958008
2118,17.398927688598633
2119,20.427955627441406
2120,14.077133178710938
2121,16.455089569091797
2122,14.571964263916016
2123,20.862651824951172
2124,10.078705787658691
2125,20.13665008544922
2126,31.886322021484375
2127,25.22304916381836
2128,12.002256393432617
2129,17.05978012084961
2130,13.556346893310547
2131,24.540645599365234
2132,13.614004135131836
2133,19.453102111816406
2134,18.02431869506836
2135,17.214420318603516
2136,31.953691482543945
2137,9.620460510253906
2138,24.758811950683594
2139,32.745426177978516
2140,12.928470611572266
2141,13.913222312927246
2142,23.97725486755371
2143,15.73232364654541
2144,9.995038986206055
2145,26.846729278564453
2146,9.172989845275879
2147,16.014144897460938
2148,20.325380325317383
2149,12.132699012756348
2150,28.158870697021484
2151,15.1919527053833
2152,10.917418479919434
2153,13.765702247619629
2154,21.429218292236328
2155,8.500764846801758
2156,14.856830596923828
2157,11.057931900024414
2158,10.048863410949707
2159,13.299928665161133
2160,10.824390411376953
2161,14.921969413757324
2162,10.024229049682617
2163,18.336557388305664
2164,12.708447456359863
2165,23.97384262084961
2166,13.390308380126953
2167,24.165231704711914
2168,12.6942138671875
2169,7.807526588439941
2170,14.976497650146484
2171,12.97380256652832
2172,34.53813171386719
2173,16.717601776123047
2174,10.469215393066406
2175,20.70237922668457
2176,18.97769546508789
2177,12.670587539672852
2178,9.779579162597656
2179,12.988030433654785
2180,11.56452751159668
2181,27.0081729888916
2182,10.547845840454102
2183,14.55350112915039
2184,11.875882148742676
2185,18.621097564697266
2186,11.093986511230469
2187,14.099570274353027
2188,11.916605949401855
2189,24.653993606567383
2190,18.321880340576172
2191,16.230342864990234
2192,14.827743530273438
2193,11.435518264770508
2194,10.362852096557617
2195,23.180952072143555
2196,37.75128173828125
2197,21.14220428466797
2198,15.395318984985352
2199,23.836523056030273
2200,18.642480850219727
2201,34.74864196777344
2202,13.738927841186523
2203,29.930221557617188
2204,9.182270050048828
2205,16.132057189941406
2206,25.2528018951416
2207,18.97806167602539
2208,36.637672424316406
2209,20.285099029541016
2210,7.022058486938477
2211,12.622554779052734
2212,17.527854919433594
2213,10.684206008911133
2214,10.721456527709961
2215,12.09348201751709
2216,21.31251335144043
2217,22.0470027923584
2218,16.458114624023438
2219,35.20661926269531
2220,11.634520530700684
2221,12.97585391998291
2222,10.351019859313965
2223,10.536781311035156
2224,15.404876708984375
2225,27.888933181762695
2226,10.283109664916992
2227,14.033931732177734
2228,31.18680763244629
2229,15.186182022094727
2230,27.377334594726562
2231,30.605295181274414
2232,9.268837928771973
2233,14.82431411743164
2234,20.95203399658203
2235,10.916221618652344
2236,16.02240753173828
2237,17.515762329101562
2238,10.247245788574219
2239,20.68069839477539
2240,10.852145195007324
2241,13.413312911987305
2242,10.561057090759277
2243,12.410236358642578
2244,12.303810119628906
2245,24.576892852783203
2246,9.992937088012695
2247,13.937957763671875
2248,11.145593643188477
2249,13.077967643737793
2250,13.93657112121582
2251,18.783000946044922
2252,25.63176155090332
2253,13.234856605529785
2254,25.433307647705078
2255,10.08862018585205
2256,15.162687301635742
2257,11.248323440551758
2258,26.2777099609375
2259,13.546464920043945
